;Tackles_TotalTackles;Tackles_DribbledPast;Tackles_TotalAttemptedTackles;Interception_Total;Fouls_Fouled;Fouls_Fouls;Cards_Yellow;Cards_Red;OffSides_CaughtOffside;Clearances_Total;Blocks_ShotsBlocked;Blocks_CrossesBlocked;Blocks_PassesBlocked;Saves_Total;Saves_SixYardBox;Saves_PenaltyArea;Saves_OutOfBox;PassesLength_Total;PassesLength_AccLB;PassesLength_InAccLB;PassesLength_AccSP;PassesLength_InAccSP;PassesType_AccCr;PassesType_InAccCr;PassesType_AccCrn;PassesType_InAccCrn;PassesType_AccFrK;PassesType_InAccFrK;ShotsZones_OutOfBox;ShotsZones_SixYardBox;ShotsZones_PenaltyArea;ShotsSituations_OpenPlay;shotsSituations_Counter;ShotsSituations_SetPiece;ShotsSituations_PenaltyTaken;ShotsAccuracy_OffTarget;ShotsAccuracy_OnPost;ShotsAccuracy_OnTarget;ShotsAccuracy_Blocked;ShotsBodyParts_RightFoot;ShotsBodyParts_LeftFoot;ShotsBodyParts_Head;ShotsBodyParts_Other;Dribbles_Unsuccessful;Dribbles_Successful;Dribbles_Total;PossesionLoss_UnsuccessfulTouches;PossesionLoss_Dispossessed;Aerial_Total;Aerial_Won;Aerial_Lost;Pts
PSG19;18.4;9;27.5;9;11.7;12.05;1.7;0.1;2.4;12.9;2.5;1.4;6.4;2.6;0.2;1.2;1.2;621.3;23.1;13.1;529.2;55.9;3.4;12;3.2;3.1;10.5;0.9;4.3;1.3;9.1;10.4;0.8;3.2;0.3;5.9;0.4;6.1;2.8;8;4.9;1.8;0;7.8;11.9;19.7;13.2;12;20.2;11;9.2;91
Lyon19;16.8;6.9;23.6;9.6;12.3;11.7;1.4;0.1;2.5;16.1;3.6;2;7.1;2.8;0.2;1.4;1.2;548.6;26.1;19.6;445.2;57.6;5.2;12.8;2.8;3.1;10.2;1.2;6.9;1.2;9.6;12.7;0.6;4.2;0.3;6.7;0.2;6.6;4.3;8.5;6.6;2.5;0.1;7.9;12.2;20.1;15.8;11.9;30.7;16.6;14;72
Lille19;16.5;8.4;24.9;10.2;13.4;12.6;1.8;0.1;1;17.9;2.8;2.3;7.1;2.4;0.1;1.4;0.9;438.1;23.9;29.8;331.3;53.2;3.9;11.3;1.7;2.6;10.8;2.8;5.6;0.5;6.9;9;0.8;2.9;0.3;5.2;0.2;5.1;2.8;5.2;5.9;1.9;0.1;7;9.6;16.6;14.5;12.1;31.1;15.4;15.7;72
Montpellier19;20;9.8;29.8;12.8;12.6;14.1;1.6;0.1;1.5;18.6;2.8;1.7;8.1;2.7;0.1;1.4;1.2;416.7;36.2;31.6;291.1;57.8;5.1;14.6;1.8;2.7;9.7;2.6;5.9;0.9;6.6;9.4;0.5;3.4;0.1;5.8;0.2;4.5;3.1;7.1;3.6;2.7;0.1;6.8;8;14.8;15.8;10.2;40.7;20.3;20.4;59
Saint-Etienne19;17.7;9.3;27;11.6;12;11.9;1.6;0.2;1.6;19.3;2.6;1.6;6.9;3;0.1;1.8;1.1;453.9;31.8;32.8;336.1;53.2;4.4;15.9;2.6;3.3;8.7;3.5;5.2;1.1;6.8;9.3;0.2;3.5;0.1;4.8;0.2;4.7;3.7;7.5;3.4;2.1;0.1;6.7;8.3;15;13.6;10.7;34.4;16.6;17.7;66
Marseille19;20.5;10;30.5;10.6;12;13.2;2.2;0.2;1.2;17;2.6;1.5;6.5;2.3;0.1;1.3;0.9;473.7;26.6;27.2;363.6;56.3;5.7;16.1;2.5;3.4;9.2;2.7;5.2;1;7.7;9;0.3;4.5;0.1;5.9;0.2;4.5;3.6;5.9;4.6;3.3;0.1;7.9;9.4;17.3;15.1;9.6;35.9;18.9;17;61
Nice19;17.4;8.7;26.1;11.8;13.6;11.2;1.9;0.1;1.1;19.3;2.8;1.6;8;3.2;0.2;1.8;1.2;521.6;27.6;24.1;420.9;49.1;3.3;9.7;2.1;2.5;12.9;1.6;5.2;0.7;5.7;7.4;0.6;3.3;0.2;5;0.2;3.4;3.2;7.2;2.5;1.9;0;11.1;13.3;24.3;17.2;10.8;28;14.3;13.7;56
Nimes19;19.3;11.4;30.6;11.7;13;12.8;1.8;0.1;1.1;20.4;3.1;1.9;6.8;3.2;0.2;1.9;1.1;358.7;27.5;35.8;239.3;56.1;4.5;14.8;2;3.3;7.9;4.8;6.1;1.1;6.5;9.1;0.5;3.9;0.2;5.7;0.4;4.7;3.3;8.1;3.4;2.2;0;8.4;9.6;17.9;16.9;10.7;41.7;19.2;22.5;53
Rennes19;17.2;9.4;26.6;10.2;12.8;12.9;1.7;0.1;1.6;19.2;3.1;1.5;7.5;2.8;0.1;1.6;1.1;424.2;27;27.2;317.4;52.7;3.8;13.7;2.1;2.9;9.3;1.7;5.4;1.1;5.9;7.5;0.6;4;0.3;5.4;0.3;4.2;2.8;7;3.6;1.7;0.1;9.9;10.3;20.2;16.1;9.8;32.6;17.1;15.5;52
Strasbourg19;17.1;8.2;25.3;11.3;10.6;13.5;1.8;0.1;1.1;18.4;3.3;1.8;6.5;2.7;0.1;1.5;1.1;444.6;37.3;29.3;320.4;57.6;4.4;14.5;1.8;2.3;9.2;1.8;4.4;0.6;5.6;7.1;0.4;2.9;0.2;4;0.1;4.1;2.4;5.4;2.9;2.2;0;6;7.5;13.6;15.6;10.5;34.2;17.3;16.9;49
Reims19;20;9.4;29.3;12.8;12.3;14;1.8;0.1;2.1;21.5;2.9;2.2;6.6;2.9;0.1;1.4;1.4;368;27.3;32.1;252.2;56.4;3.9;12.8;1.6;2.7;8.3;3.7;4.1;0.5;6;7.2;0.6;2.8;0.1;4.8;0.2;3.6;2.2;5.4;3.8;1.5;0;7.1;8.4;15.5;15.8;8.9;37.5;17.9;19.6;55
Nantes19;20.2;9.7;29.9;11.4;13.1;13;1.8;0.2;2;20.7;2.8;1.7;7.3;2.2;0.1;1.3;0.8;417.7;26.8;31.8;293.8;65.4;5;14.1;2.2;2.6;9;3.1;6.6;0.7;6.3;9.4;0.3;3.6;0.2;5.9;0.2;3.9;3.8;6.7;4.4;2.4;0;5.9;7.4;13.3;17;10.4;40.2;21.2;18.9;48
Angers19;17.7;9.6;27.3;11.1;11.7;11.8;1.3;0.1;1.3;21.7;2.9;1.9;7.7;3.1;0.2;2;0.9;396.7;24.5;29.5;289.8;52.9;3.7;12.9;1.6;2.8;8.1;3.6;4.7;0.9;6.3;8.1;0.5;3.1;0.3;4.9;0.3;4.1;3;7;2.7;2.3;0.1;6.4;8.3;14.8;16.1;11.7;32.5;16.8;15.6;46
Bordeaux19;18.9;9.7;28.7;10.3;13.1;14.3;2;0.1;1.6;23.9;3;1.8;7.4;2.9;0.1;1.6;1.2;444.6;27.8;30.1;329;57.7;3.6;13.7;1.6;2.8;10.3;2.7;5.6;0.6;5.1;7.9;0.6;2.6;0.2;5;0.2;3.6;2.6;6.5;2.9;1.7;0.1;8.2;9.1;17.3;15.9;11.2;38.1;18.1;20;41
Toulouse19;17.6;8.3;25.9;10.1;12.3;14.7;1.9;0.1;1.8;23;3.3;2.4;8.1;3.2;0.1;1.8;1.3;402.5;26.7;31.6;286.6;57.6;3.7;12.9;1.7;2.5;9.2;3.5;4.4;0.6;6.3;7.2;0.2;3.6;0.3;5;0.3;3.5;2.9;6;3.3;2.1;0.1;8.7;9.6;18.3;18.3;11.8;37.8;19.7;18;38
Monaco19;18.1;9.4;27.5;10.2;13.3;13.9;2.3;0.2;1.4;20.8;2.3;1.6;6.5;2.4;0.1;1.4;0.9;424.7;23.6;26.3;318.1;56.7;4.7;14.9;2.3;2.8;10.3;3.2;4.9;0.6;6.7;8.3;0.6;3.3;0.1;4.8;0.4;4.2;3.3;6.1;4.1;2;0.1;7.4;7.7;15.1;16.8;9.2;33.2;16.8;16.4;36
Dijon19;17.7;10.1;27.8;12.7;11.7;15.1;1.9;0.2;1.6;20.2;3.1;1.9;7.8;2.9;0.1;1.6;1.3;403.5;31.6;33.6;284.1;54.2;4.1;11.8;2.3;2.1;8.3;3.2;5.7;0.4;5.8;8.1;0.2;3.5;0.1;5.4;0.2;3.8;2.8;6.7;3.3;2;0;6.6;9.2;15.8;15.9;10.1;41;19.2;21.8;34
Caen19;18.7;8.7;27.3;12.9;13.2;14.7;2;0.2;1.3;23.4;3.7;1.8;6.9;3.7;0.2;2.1;1.4;361.7;34.2;34.8;242.2;50.5;3.5;13.5;1.3;2;8.7;4.2;4.1;0.5;4.2;5.6;0.2;2.9;0.1;3.8;0.1;2.6;2.5;4.6;2.5;1.7;0.1;7;7.1;14.1;17.3;10.8;43.8;21.1;22.6;33
Amiens19;16.6;9.3;26;10.3;13.7;13.7;1.5;0.2;1.7;21.4;3.7;1.8;6.5;3.1;0.1;1.7;1.2;382.7;25.7;34.6;264.6;57.7;3.3;12;1.4;2.2;9.1;4.3;5;0.4;4.8;7;0.2;2.9;0.1;4.5;0.1;3.1;2.6;5.3;3.4;1.4;0.1;6;6.7;12.7;16.9;10.5;39.1;19.5;19.6;38
Guingamp19;18;7.3;25.3;11;12.2;12.8;1.5;0.1;1.4;18.7;2.9;2.1;8;2.7;0.1;1.4;1.3;363.9;27.7;32.2;246;58;4.8;16.5;1.9;3.2;7.9;3.5;4.7;0.6;5.7;7.2;0.2;3.3;0.2;4.8;0.2;6.6;3.1;5.7;3.1;2.1;0.1;5.8;9.3;15.1;16;12.5;44.6;21.3;23.3;27
PSG18;16.9;10.1;27;8.8;13;11.2;1.6;0.2;2.4;14.4;2.6;2.1;5.9;2.4;0.1;1.4;0.9;651.1;28.9;12.3;554.4;55.4;4.1;13.8;4;2.7;12.9;0.9;5.2;1.1;10.1;11.7;0.7;3.7;0.2;6.3;0.5;6.7;3.4;8.2;6.3;1.9;0.1;7.8;16.8;24.7;13.1;11.4;16.8;9.5;7.2;93
Lyon18;16.9;9.8;26.7;11.9;13.9;12.5;1.9;0.1;2.1;20.4;2.7;2.7;6.5;2.9;0.1;1.6;1.3;508.4;25;20.8;407.3;55.3;4.2;10.9;2.1;2.7;11.1;2.1;6.5;0.9;7.9;10.6;0.6;4;0.2;5.5;0.4;6.1;3.7;7.7;5.8;1.9;0;8;14.8;22.8;17.1;13.1;28.2;15.5;12.7;78
Marseille18;19.4;12;31.4;11.6;12.5;13.1;2.1;0.1;2.1;18.7;2.7;2.3;7.3;2.5;0.2;1.3;1.1;495;27.2;25.1;389.7;52.9;5.7;17.1;2.6;3.8;9.3;2.5;6;1.6;8.7;11.2;0.7;4.2;0.2;6.1;0.3;6.1;4.2;7.1;6.2;2.9;0.2;6.6;14;20.6;14.2;11.9;31.8;16.1;15.7;77
Monaco18;18.9;11.5;30.4;13.1;13.6;13.4;1.8;0.1;1.9;24.5;2.8;2.1;7.6;2.7;0.1;1.3;1.3;435.2;28.6;28.3;324.6;53.7;4.1;16;2.4;2.8;11;2.8;4.9;0.9;7.1;8.9;0.2;3.6;0.2;5;0.3;4.8;3.2;5.4;5.2;2.3;0;7.6;9.2;16.8;15.6;10.1;33.7;17.1;16.6;80
Montpellier18;17.9;9.5;27.4;13.2;13.9;11.8;1.9;0;2.2;21.5;2.6;2.1;6.5;2.2;0.1;1.2;0.9;411.2;33.8;29.7;292.7;54.9;5.3;17.1;2.3;2.6;10.4;3.3;6.5;0.6;5.8;8.7;0.4;3.8;0.1;5.9;0.2;4.2;2.9;6.3;4.4;2.1;0.1;6.4;10;16.4;15;10.3;32.6;17.4;15.2;51
Nice18;15.5;9.1;24.6;11.4;14;11.7;2.1;0.1;1.7;15.8;3;2.6;6.7;2.8;0.1;1.4;1.2;579.5;33.8;21.5;473.5;50.7;3.7;11.4;2.3;3;12.4;1.8;5.6;0.6;6.6;8.9;0.2;3.4;0.3;4.8;0.2;4.8;3.2;8.6;2.5;1.6;0.1;6.4;13.3;19.7;13.3;11.3;21.7;10.8;10.9;54
Bordeaux18;18.4;11.5;29.9;12.2;12.4;14;1.9;0.1;2;20.7;2.9;2.1;6.4;2.2;0;1;1.2;440.7;28.9;29.1;327.4;55.2;4.2;15.2;1.8;2.9;9.5;3.1;5.5;0.9;5.9;9.1;0.3;2.9;0.2;5.7;0.2;4;2.7;5.6;4.3;2.5;0.1;8.1;12.1;20.2;15.9;11.2;33;15.9;17.1;55
Rennes18;17.3;12.7;30.1;10.9;13.8;12.6;1.6;0.1;2.3;24.5;2.3;2.7;8.3;2.8;0.2;1.6;1;423.8;29.1;33.3;307.6;53.9;4.5;15.7;2.5;3.2;9.8;3.6;5.4;0.9;5.9;7.8;0.2;4.1;0.2;5.8;0.3;3.8;2.8;7.7;2.7;2;0;6.3;9.4;15.7;16.7;11;36.2;18.5;17.7;58
Saint-Etienne18;17.8;11.5;29.4;10.6;12.9;13.4;1.9;0.2;2.4;22.5;3.2;3.2;7.4;3.4;0.2;2;1.2;453.7;30.8;30.3;336.1;56.6;3.6;13.7;2.4;2.4;9.7;2.7;4.6;0.8;5.8;7.6;0.3;3;0.3;4.6;0.2;4.1;2.5;6.9;2.6;1.6;0.1;5.6;9.8;15.4;13.1;12.9;33.9;17.3;16.6;55
Nantes18;19.9;10.2;30.1;11.2;10.8;12.9;1.6;0.1;2.2;25.7;3.6;2.7;9.4;2.6;0.2;1.4;1.1;375.8;26.6;35.1;255.5;58.6;5.6;15.2;2;2.6;6;3.6;6.3;0.6;6.3;9;0.1;4;0.1;6.2;0.2;3.6;3.4;7.1;3.6;2.4;0.1;5.2;9.1;14.3;15.8;12.1;37.3;18.3;18.9;52
Guingamp18;16.8;11.6;28.5;12.5;13.6;13.1;1.7;0.1;2.6;24;3.2;2.1;6.5;3;0.1;1.5;1.4;423.4;32;30.5;305.1;55.9;4.1;15;2.1;2.9;10.4;3.4;4.9;0.6;6.3;7.9;0.2;3.6;0.2;5.3;0.2;4.4;2.1;5.3;4.4;1.9;0.1;5.7;10.4;16.1;15.3;11.6;34.7;17.1;17.5;47
Dijon18;18;11.5;29.5;14.3;12.4;12.9;1.8;0.1;1.9;23.4;3.1;2.6;7;3.4;0.1;1.9;1.5;411;34.5;34.7;286.6;55.2;3.7;11.3;2;2;9.7;3.5;5.2;0.3;6.1;8.5;0.2;2.7;0.1;4.9;0.2;4.2;2.5;6.1;3.7;1.8;0.1;4.8;11.6;16.4;15;11.7;34.6;16.4;18.2;48
Amiens18;17.3;10;27.3;13.7;12.1;13.3;1.8;0.1;1.8;27.7;4.3;2.5;7.4;3.6;0.2;1.7;1.7;369.1;26.3;38.7;245.4;58.8;3.2;12.4;1.7;2;8.4;4.4;4.4;0.8;4.3;6.8;0.2;2.4;0.1;4.6;0.2;2.7;2.3;3.8;4.1;1.6;0;5.6;10.4;16;16.3;13.2;37.7;17.5;20.2;45
Toulouse18;18.4;10.7;29.1;12.6;13;15.5;2.5;0.1;2;22.4;2.7;2.4;7.7;2.8;0.1;1.6;1.1;362.1;29.4;34.3;239.6;58.7;5;16.6;1.7;2.9;9.8;5.2;4.6;0.9;5.9;7.2;0.2;3.7;0.3;4.8;0.2;3.9;2.7;5.9;3.2;2.2;0.1;7.7;10.3;18;15.3;10.6;39;20.5;18.6;37
Lille18;17.9;9.9;27.9;12.9;11.3;12.7;1.6;0.2;2.3;19.3;2.8;1.5;7.2;3.2;0.1;1.9;1.2;482.7;26.8;26.2;373.7;56.1;3.7;12.5;2.1;2.4;9.9;2.1;5.8;0.3;5.3;8.3;0.3;2.7;0.1;4.9;0.1;3.7;2.7;5.2;4.7;1.4;0;6.4;15.1;21.6;16.9;14.6;25.9;13.3;12.5;38
Caen18;19.2;12.3;31.5;12.6;11.4;13.8;1.8;0.1;2;23.6;2.6;2.1;9.3;2.7;0;1.5;1.2;372.3;35.1;34.1;244.2;58.9;5.4;20.2;2.1;3.3;6.7;4.3;5.5;0.4;6.2;8.4;0.2;3.3;0.2;5.9;0.2;3.4;2.8;5.9;3.4;2.8;0;4.3;8.1;12.3;16.8;12.2;43.7;22.4;21.3;38
Strasbourg18;19.7;11;30.7;13.5;11.5;13.8;1.9;0.1;2;21.3;2.4;2.1;7.1;2.8;0.2;1.5;1.1;395.6;34;35.5;273.5;52.6;4.7;15.7;1.6;3.2;7.9;3.3;5.1;0.7;6.2;7.9;0.2;3.6;0.2;5.4;0.3;3.4;3.1;5.9;3.6;2.3;0.1;6.6;10;16.7;16.1;10.5;37;18.9;18.1;38
Angers18;17.4;13.7;31.1;10.8;11.5;12.9;1.8;0.1;1.6;20.3;2.1;2.4;8.4;2.4;0.1;1.3;1;398.4;25.3;32.3;281.8;58.9;3.6;13.6;1.8;2.7;7.4;4.1;5.3;0.7;6.1;8.4;0.4;3.3;0.1;5;0.3;4.1;3.1;6.8;3.2;2.1;0.1;5.9;10;15.9;14.4;12.9;34.2;16.3;17.9;41
Metz18;18.6;11.3;29.9;13.4;11.4;14;2;0.2;1.5;20.4;2.5;2.1;7.4;3.5;0.3;1.8;1.4;397.2;39.9;37.2;265.1;55;4.8;13.4;2;2.6;8.3;4.2;5.3;0.6;5.4;8.2;0.2;2.8;0.1;4.4;0.2;4.2;2.6;7.2;1.7;2.3;0.1;7;9.4;16.4;15.3;8.2;36.4;16.8;19.6;26
Troyes18;17.2;11.8;29.1;11.5;10.2;13;1.9;0.2;1.7;26.6;3.4;2.6;6.8;3.6;0.1;1.8;1.6;381.3;29.7;35.3;258.1;58.2;3.8;14.3;2.1;2.2;7.7;4.6;4.1;0.6;4.9;7.1;0.3;2;0.1;4.1;0.2;3.3;2.1;4;4.1;1.4;0;6.8;8.2;14.9;14.7;10.4;39.5;18.1;21.4;33
Monaco17;18.5;10.4;28.8;13.6;11.7;12.3;1.3;0.1;2.2;24.6;2.3;2.6;8.3;2.3;0.1;1.4;0.7;443.3;30.8;29.7;328.8;54;5.8;18.9;3.3;2.7;9.5;2.9;4.8;1.2;8.6;10.1;0.3;3.8;0.3;4.9;0.2;6.4;3.3;6.4;5.2;2.9;0;7;10.6;17.6;13.5;11.4;31.8;15.7;16.2;95
PSG17;17.2;8.2;25.4;13.1;10.7;10.7;1.4;0.1;3.3;16.9;2.3;1.8;7.5;1.8;0.1;0.8;0.8;662.3;34;14.8;555.1;58.4;5.7;18.1;3.7;3.3;9.2;1.1;5.1;1.5;8.8;10.9;0.3;3.9;0.3;6.1;0.3;5.9;3.4;7.1;5.4;2.8;0.1;6.3;12.6;19;13.2;11.6;23.6;13.6;10;87
Lyon17;19.8;10.6;30.4;12.6;13.6;13.5;1.6;0.1;2.7;21.7;2.4;1.9;8.1;2.4;0.1;1.5;0.9;526;27.8;24.6;414.6;59;4.6;13.1;3.4;3.3;10.6;2.4;5.7;0.9;8.8;10.2;0.2;4.7;0.4;6.2;0.3;5.6;3.7;7.9;5.2;2.3;0.1;7.4;12.7;20.1;15.6;12.2;31.5;15.8;15.7;64
Marseille17;19.2;11.4;30.6;14.6;9.6;13.3;1.8;0;2.7;21.4;2.5;2.2;7.5;3.1;0.2;1.8;1.2;488.2;30.5;26;380.7;51;4.3;13.9;2.4;2.7;8.9;2.2;4.9;0.9;6.2;9.1;0.2;2.6;0.1;5.2;0.2;4.3;2.6;6.3;4.1;1.6;0;7.3;11.4;18.7;13.8;12.9;25.7;12.7;13.1;62
Nice17;16.7;8.6;25.2;11.3;14.9;11.3;1.5;0.1;1.9;22.1;2.7;2.9;6.9;3;0.2;1.6;1.2;600.1;29.7;19.7;497.4;53.3;2.2;8.6;1;2;12.8;2.2;5.2;0.5;5.8;8.9;0.1;2.3;0.2;4.7;0.4;4.5;2.3;7.8;2.6;1.1;0;5.7;10.6;16.3;14.1;13.7;22.9;11.4;11.5;78
Bordeaux17;20.1;10.2;30.2;13.3;13.1;11.6;1.7;0.1;2.5;24.2;2.6;2.3;7.5;3;0.1;1.6;1.4;428.3;26.8;32.6;311.1;57.9;4;14;1.8;2.4;8.5;3.5;4.8;0.7;6.3;8.9;0.3;2.5;0.2;5.2;0.2;4.1;2.6;5.1;4.7;2.1;0;5.8;9.8;15.6;13.3;13.3;32.8;14.9;17.9;59
Saint-Etienne17;18.6;10.1;28.7;15.6;11.7;12.7;1.4;0.2;2.4;24.4;2.7;2.2;8.3;3.3;0.2;1.9;1.2;424.2;29.6;33.1;304.2;57.3;4.9;15.1;1.7;3.1;7.6;3.9;4.1;0.5;6;7;0.2;3.3;0.2;4.9;0.2;3.3;2.4;6.2;2.5;1.8;0;6.5;9.8;16.3;14.3;12;33.4;16.7;16.7;50
Dijon17;21.1;10.9;31.9;16;12.1;13;1.8;0.2;2;24.9;3.5;2.4;8.4;3.4;0.2;1.9;1.3;405.8;30.2;37.3;283.9;54.4;4.6;13.6;2.3;2.2;8.1;4.1;4.7;0.8;5.8;8.1;0.1;3;0.1;4.8;0.2;4.1;2.3;6.5;2.3;2.4;0;5.1;9;14.1;14.2;12.8;35.8;17.4;18.4;37
Montpellier17;16.7;9.8;26.5;15.1;11.8;10.5;1.2;0.1;1.7;23.7;2;2.1;8.9;2.6;0.1;1.4;1.1;444.1;37.1;30.1;317;59.8;5.2;16.3;2.5;2.6;10.2;2.8;5.5;0.7;7;8.9;0.4;3.8;0.1;5.8;0.2;4.2;3.2;6.2;4.3;2.7;0;7.1;11.5;18.5;14.4;12.8;39.7;22.6;17.1;39
Guingamp17;17.1;9.8;26.9;14.4;13.1;13.1;1.5;0.1;2.6;24.2;3.5;2.7;7.4;2.6;0.2;1.3;1.1;405.8;33.2;32.4;284.3;55.8;5.1;14.2;2.2;3;9.9;3.3;4.2;1;6.6;8.1;0.1;3.4;0.1;5.2;0.3;4.4;2.1;4.8;4.3;2.6;0;5.2;8.5;13.7;15.1;11.2;37.7;18.8;18.9;50
Rennes17;19.6;10.1;29.7;14.6;11.4;12.2;1.5;0.1;2;22.4;2.6;2.6;9.2;2.5;0.1;1.4;0.9;480.2;29.3;35.9;349.5;65.5;4.3;13.4;1.7;2.5;8.1;4.1;4.8;0.4;6.2;8.2;0.1;3.1;0.1;5.2;0.3;3.9;2.4;5.9;3.7;1.9;0;6.7;9.8;16.5;15.6;12.1;37.1;18.4;18.6;50
Lille17;17.3;8.8;26.1;14.3;13.7;14.1;1.5;0.2;1.5;23.7;2.7;2.4;7.1;2.7;0.2;1.6;1;437.1;27.2;30.5;326.2;53.2;4.1;13.7;1.6;2.7;10.3;3.3;6.5;0.6;5.7;8.9;0.1;3.6;0.2;5.4;0.3;4.1;3.4;6.9;3.8;2.1;0;5.4;11;16.4;16.1;15.8;34.6;18.8;15.7;46
Toulouse17;19.6;10.5;30.1;13.7;12.2;15;2.3;0.1;1.2;25;2.8;3;8.1;3;0.2;1.6;1.2;365.7;26.3;40.9;236.4;62.1;3.9;12.8;1.8;2.2;8.2;5.9;3.9;0.5;5.6;6.3;0.2;3.3;0.2;3.9;0.2;3.5;2.7;5;3.2;1.8;0.1;6.5;10.3;16.9;15.2;12.4;39.5;20.3;19.2;44
Angers17;18;11.3;29.3;14.2;9.9;11.5;1.5;0.1;1.4;21.6;2.9;2.4;8.1;2.2;0.1;1.1;1.1;417.5;30;31.6;294;61.9;4.4;14.8;1.6;3.5;7.5;3.7;6.3;0.8;6.8;10.3;0.3;3.2;0.1;6.1;0.2;4.7;3.2;6.6;4.5;2.9;0;6.1;8.4;14.5;16;11.9;39.9;22.8;17.2;46
Caen17;19.8;11.9;31.7;17.4;11.7;11.5;1.6;0.1;1.4;21.3;2.6;2.2;9.2;2.5;0.2;1.2;1.2;394.2;33.4;35.9;264.3;60.7;6;19.4;1.5;2.9;6.7;4.8;5.6;0.6;6.1;8.7;0.1;3.3;0.2;6;0.3;3.7;2.6;6.2;3.4;2.5;0.1;6.7;9.2;15.8;14.6;10.8;42.3;23.1;19.2;37
Nantes17;22.1;10.4;32.5;13.2;10.2;14.2;2;0.1;2.8;23.9;2.8;2.1;8.3;2.3;0.1;1.2;1.1;408.8;24.5;36;286.5;61.8;5.1;16.5;2;3;6.8;3.8;4.8;0.6;6.6;8.9;0.1;3;0.1;5.9;0;3.7;2.5;7;2.9;2.1;0;5.3;8.4;13.8;14.8;12.6;38.1;16.5;21.7;51
Nancy17;20.3;10.7;31;16.6;11.9;13.1;2;0.1;3.2;26.3;2.9;2.1;9.9;3.1;0.1;1.7;1.3;359.7;28.6;42;233.9;55.3;3.6;14.2;1.6;2.8;6.9;5;4.3;0.4;5.3;6.5;0.1;3.3;0.1;5.3;0.3;2.9;1.8;5.2;3;1.7;0;4.4;7.2;11.7;16.2;10.6;39.9;17.5;22.4;35
Metz17;18.5;9.3;27.8;17.3;11.3;13.5;1.9;0.2;2.3;25.1;3.4;2.6;7.5;3.4;0.1;1.9;1.4;353.3;31.6;36;234.6;51.2;4.3;14.1;1.9;1.6;6.3;3.7;4;0.4;5;5.9;0.2;3.1;0.2;4.2;0.2;3.1;2.1;5.3;2.5;1.5;0.1;6.3;8.6;14.9;15.2;11.5;36.5;17.7;18.8;43
Lorient17;15.7;7.6;23.2;14.3;10;11.7;1.8;0.1;1.8;19.3;1.6;2.2;6.9;3.3;0.1;1.9;1.3;457.4;29.4;34.2;342.2;51.6;4.6;15.5;1.7;3.2;8.1;3;4.4;0.6;6.2;8;0.2;2.9;0.2;4.7;0.2;3.9;2.7;6.6;2.7;1.9;0;6.8;11.4;18.2;13.4;13.9;27;12.1;14.9;36
SC-Bastia17;16.8;9.9;26.7;15.3;13;12.1;1.9;0.4;1.2;25.2;2.5;2.6;8;3.3;0.1;2.1;1.2;360.7;29.9;43.5;235.1;52.3;3.3;12.1;1.4;3.1;8.9;6.3;5.4;0.5;4.4;7.5;0.1;2.6;0;4.8;0.3;3.2;2.2;6;2.8;1.4;0;5.1;9.8;14.9;12.9;14.9;37;16.4;20.6;34
PSG16;20.3;12.1;32.4;18.7;11;10.4;1.2;0;3.8;16.9;2.3;2.2;9.2;2.5;0.1;1.1;1.4;718.4;28.2;17.9;614.4;57.9;4.6;14.6;2.3;3.1;10.4;0.8;4.4;1.6;8.9;11;0.1;3.5;0.2;6.1;0.2;6.6;2.2;7.3;4.8;2.8;0.1;6.1;12.6;18.7;13.4;11.8;23.2;13.3;9.9;96
Lyon16;21.4;11.1;32.6;16;14.4;13.4;1.8;0.1;2.4;15.7;1.7;1.5;7.1;2.5;0.1;1.4;0.9;562.7;33.2;26.3;437.4;65.7;3.9;13.2;2.2;2.5;11.8;3.3;5.7;0.9;8.1;10.4;0.1;4.1;0.1;6.2;0.4;5.4;3.1;7.6;4.8;2.2;0.1;8;11.2;19.2;15.1;13.8;30.9;16.7;14.2;65
Nice16;20.3;9.6;29.8;18.1;12.9;11.9;1.7;0.2;1.8;18.9;1.9;2.5;8.8;2.7;0.1;1.6;1;564.2;28.8;28.6;448.6;58.2;3.5;13.9;2.2;2.3;9.9;2.7;4.4;0.7;5.2;7.4;0.1;2.6;0.1;3.8;0.1;4.2;2.2;5.1;3.9;1.2;0;8.8;12.3;21.1;12.1;12.3;31;14.8;16.3;63
Lille16;19.8;7.7;27.5;19.1;15.5;15.1;2.1;0.2;1.9;18.1;2.5;3;8.7;2.7;0;1.6;1.1;420.6;24.1;34;302.7;59.8;4.8;16;2.3;2.9;10;4.3;5.4;0.7;6.4;8.6;0.1;3.8;0.1;5.4;0.3;4.1;3.1;6.5;3.7;2.3;0;5.9;11.1;17.1;15.2;15.6;36;18.5;17.5;60
Bordeaux16;22.4;10.4;32.9;19.8;13.2;12.9;2.2;0.2;2.5;22.7;2.1;2.1;8.8;2.9;0.1;1.5;1.3;440.8;31.3;35.2;318.5;55.8;4.7;16.6;1.9;3;9.9;3.8;5;0.9;5.6;8;0.1;3.4;0.1;5;0.3;3.8;2.8;5.8;3.4;2.3;0.1;6.9;12.1;19;14.2;14.3;39.4;20.5;18.9;50
Monaco16;18.7;9.9;28.7;18.4;13.2;14.3;2.2;0.1;2.3;23.5;2.6;2.5;10.5;3.1;0.1;1.6;1.3;411.1;27.3;30.1;295.9;57.7;4.9;18.1;2.4;3;9.7;3.5;4;1;6.2;7.3;0.1;3.5;0.2;4.7;0.3;4.4;2;4.8;3.9;2.4;0;6.7;10;16.7;14.1;13.7;37.2;18.2;18.9;65
Marseille16;19.7;9;28.7;19.1;13.8;13.5;1.9;0.2;2.4;15.6;2.2;1.9;8.4;2.7;0;1.6;1;489.5;24.6;31.5;379.3;54;5.8;19.5;2.7;3.2;11.1;3.2;4.7;0.6;7.2;9.3;0.2;3;0.1;5.2;0.3;4.8;2.5;6.2;4.2;2;0;10.6;14.3;24.8;14;13.7;30.9;14.7;16.2;48
Montpellier16;18.3;9.6;27.8;20.8;13.5;12.6;1.7;0.1;1.9;18.7;2.3;2.7;9.6;2.3;0.1;1.3;0.9;440.3;35.7;35.4;308.1;61.1;4.8;15.2;2;2.9;10;4.6;4.4;0.8;5.2;6.8;0.2;3.3;0.1;4.7;0.1;3.8;1.8;4.7;3.2;2.4;0.1;7.6;10.6;18.2;14.2;15.2;35.6;18.2;17.4;49
Rennes16;20.6;9.4;29.9;18.3;10.9;12.2;1.8;0.1;2.4;17.4;2.4;3.4;9.3;3.1;0.2;1.8;1.1;459.6;30.7;33.2;335.1;60.7;3.5;13.3;2.3;2.4;8.8;2.7;4.4;0.7;5.9;7.9;0.1;2.8;0.2;4.9;0.1;4;2.1;5.5;3.6;1.8;0;6.1;11.9;18;12.7;14.7;31.4;16.9;14.5;52
Caen16;21.8;10.6;32.4;17.5;11.7;12.2;1.4;0.2;2.3;20.2;2.8;2.9;11.8;3.1;0.2;1.8;1.1;336.7;30.7;33.8;206.2;66.1;4.8;18.9;1.5;3.6;6.1;5.4;5.6;0.8;6;8.9;0.3;3;0.2;4.9;0.2;4.6;2.8;7.1;3.2;2.1;0.1;9.3;8.3;17.6;13.7;10.5;40;22.6;17.4;54
Guingamp16;19.7;8.3;28;18.3;14.7;13.4;2;0.2;2.1;20.8;2.9;2.5;7.7;2.9;0.1;1.4;1.4;344.6;28.8;36.1;225.3;54.4;4.8;14.3;2.3;2.4;9.1;4.4;4.2;0.5;5.7;6.5;0.2;3.7;0.1;4.8;0.1;3.6;2.1;3.7;4.7;2;0;7.6;7.4;15;12.4;11.8;36.7;18.6;18.1;44
Toulouse16;23.6;8.9;32.5;19.4;14.4;14.1;1.9;0.3;2.3;23.2;2.1;2.5;9.3;2.2;0.1;1.3;0.8;396.1;19.3;38.8;276.1;61.9;4.9;14.6;1.6;2.9;8.8;5.2;4.1;0.7;6.5;7.5;0.3;3.2;0.2;5;0.2;4.2;2.2;7;2.6;1.7;0;7.9;10.6;18.4;13.8;15.1;34.7;16.8;17.9;40
Nantes16;21.4;11.3;32.7;16.2;10.9;15.9;2.1;0.1;2.3;21.9;2.4;2.4;9.7;2.5;0.1;1.4;1;423.2;35.1;35;290.6;62.4;5.9;17.4;2.2;2.4;7.1;3.6;5.1;0.6;5.7;8.5;0.1;2.8;0;5.1;0.3;3.5;2.7;6.2;2.8;2.3;0;4.3;8.7;13;13.4;14.2;39.3;19.4;19.9;48
Lorient16;16.4;9.5;25.9;22;12.4;12.1;1.7;0.2;1.9;19.6;2.6;2.1;8.5;3.2;0.1;1.8;1.3;455.2;32.7;35.1;331;56.4;3.7;13.6;1.7;2.8;9.8;3.7;4.7;0.6;5.6;8.4;0.1;2.2;0.2;4.5;0.1;4;2.4;5.8;3.4;1.7;0;8.4;12.2;20.7;14.7;13.4;28.4;13;15.4;46
Saint-Etienne16;20.4;8.7;29.1;16.7;11.6;15.6;1.9;0.1;2.3;19.9;2.5;2.7;8.5;2.8;0.1;1.8;1;426.9;28.4;38.9;299.1;60.5;4.7;16.2;1.8;3.7;7.4;4;5.3;0.7;5.5;7.7;0;3.6;0.1;5.1;0.1;3.6;2.8;6.8;2.7;2;0;7.2;6;13.2;14.9;11.6;36.3;17.7;18.6;58
Angers16;19.3;9.3;28.6;15.9;12.1;13.7;1.8;0.2;1.1;20.3;2.9;2.9;9.8;2.4;0.1;1.6;0.7;380.2;26.6;34.9;260.2;58.5;3.9;12.1;1.2;2.3;7.6;4.7;4.8;0.6;5.1;6.9;0.1;3.2;0.2;5.2;0.2;3.4;1.8;4.4;3.9;2.2;0;8.1;7.1;15.2;13.8;10.9;33.7;17.5;16.2;50
SC-Bastia16;18.8;10.2;29;17.4;12.6;14;2.2;0.3;2;23.6;2;2.3;9.9;2.7;0.2;1.4;1.1;367.5;30.9;42.6;236.9;57.1;3.3;13.8;1;2.4;8.4;5.7;4.3;0.3;4.2;6.3;0.2;2.2;0.1;4.1;0.2;2.9;1.7;4.4;2.8;1.5;0;6.4;8.5;14.8;12;10.9;41.4;18.3;23.1;50
Reims16;18.1;9.9;28;21.1;13;13.6;2.1;0.2;1.7;19.6;2.3;2.6;9.8;2.9;0.2;1.4;1.3;407.2;29.7;35.4;281;61.1;4.7;14.7;1.3;3.3;8.7;4.8;4.5;0.8;6.2;8.2;0.2;3;0.1;5;0.2;4.2;2.3;6;3.2;2.2;0.1;7.6;8.6;16.2;14.5;11.6;36.9;18.2;18.8;39
GFC-Ajaccio16;19.7;10.7;30.4;21.6;10.2;15.3;2.4;0.2;1.9;18.7;1.9;2.6;8.4;2.7;0.1;1.7;1;403.7;36.3;42.6;260.9;63.9;5.2;15.2;1.7;2.3;7.7;4.6;5.3;0.4;5.8;8.5;0.1;2.9;0.1;5.5;0.2;3.2;2.9;5.6;3.7;2.2;0;4;5.9;9.9;14.4;12.1;39;19.2;19.8;37
Troyes16;20.7;12;32.7;19.6;10.6;11.5;1.9;0.2;1.5;20.3;3.5;3.3;9.1;4;0.2;2.3;1.5;430.4;33.2;37.2;303.7;56.3;3.7;14.9;2.1;3.3;9.5;2.7;5.7;0.3;5.8;8.9;0.2;2.6;0.1;5.1;0.2;4;2.6;6.2;4.4;1.2;0;6.1;9;15.1;12.3;11;29;12.4;16.6;18
PSG15;20.6;9.1;29.8;16.5;14.1;11.5;1.6;0.1;3.2;19.1;2.6;2.2;8.5;2;0.1;1.1;0.9;626.6;29.7;20.7;521.8;54.5;4.3;13.9;1.9;2.6;11.8;1.6;4;1.1;7.6;8.9;0.3;3;0.4;4.6;0.3;5.8;2.3;7.7;3.3;1.7;0;10.3;11.7;22;11.9;10.4;24.1;14.6;9.6;83
Marseille15;19.9;8.9;28.8;15.6;14.7;14;1.7;0.1;3.3;26.4;2.9;1.8;7;2.5;0.1;1.3;1.1;429.2;35;23.4;324.6;46.1;5.9;19.8;1.8;3.7;12.2;1.7;5.6;1;8.2;10.8;0.4;3.5;0.1;6.7;0.2;5.1;3;5.9;5.8;3;0;10.8;13.8;24.6;11.3;14.6;29.8;15.6;14.2;69
Lyon15;19.2;7.6;26.8;11.7;14.2;15.2;1.7;0;2.1;22.9;2;1.6;6.5;2.7;0.1;1.7;0.9;505.4;33.7;27.2;388.2;56.4;3.3;12.2;1.5;3.1;10.7;2.7;6.2;0.7;6.7;9.1;0.5;3.7;0.3;5.1;0.2;5.7;2.8;7.9;4.2;1.4;0;8.9;10.9;19.9;14;13.2;27.3;13.3;14;75
Monaco15;20.1;9.7;29.8;19.9;13.5;13.3;1.5;0.1;2.1;23.8;2.1;2.7;9.9;2.2;0;1.2;0.9;452.2;28.2;32.2;332.8;59;5.4;15.6;2.4;3.2;10.6;3.4;4.2;1;6.7;8.1;0.4;3.2;0.2;4.8;0.2;4.3;2.8;5.9;3.6;2.3;0.1;9.2;11.2;20.4;13.8;11.8;31.7;16.8;14.9;71
Saint-Etienne15;19;8.7;27.7;13.3;12.4;14.7;1.7;0.1;2.3;33.7;2.3;2.2;7.4;2.5;0.1;1.3;1.1;414.7;30.1;35.4;292.3;56.9;5;17.1;2;3.4;8.3;3.7;5;0.6;6.1;8.1;0.2;3.2;0.2;5.4;0.3;4;2.3;7.1;2.8;1.7;0.1;8.2;8.2;16.5;12.7;12.2;37.2;19.4;17.7;69
Montpellier15;21.9;10;31.9;20.9;16.2;13.7;1.3;0;2.1;28.9;2.5;2.8;9.7;3;0.1;1.7;1.2;379.4;28.8;42.8;246.5;61.3;4.2;14.9;1.6;3;8.2;7.2;4.2;0.7;5.6;6.7;0.4;3.2;0.2;4.6;0.1;3.7;2.2;5.3;3.2;1.9;0.1;8.7;9.2;17.9;16.1;14.8;38;18.3;19.8;56
Caen15;22.9;10.2;33.1;19;10.5;11.8;1.1;0.2;2.3;28.4;3;2.7;9.3;3.2;0.2;1.8;1.3;347.4;28.2;38.7;220.7;59.8;5.3;19.9;1.8;3.3;5.2;4.4;5.2;0.7;6.2;8.4;0.5;3.1;0.2;5.7;0.2;4.1;2.4;4.9;5;2.1;0.1;9.7;9.7;19.4;14.2;10.8;41.4;21.3;20.1;46
Lille15;17.6;8.1;25.7;17.2;16.3;12.2;1.7;0.1;1.5;25.6;2.1;3;8.2;2.5;0.1;1.4;1;454.4;28.3;30.7;336.9;58.6;4.3;15.3;1.5;2.8;12.2;3.8;6;0.4;5.8;9;0.3;2.7;0.2;5.6;0.1;3.9;2.7;7.3;2.9;1.9;0;7.8;9.5;17.3;13.6;13.2;32.2;16.8;15.3;56
Lorient15;16.3;7.4;23.7;15.7;11.7;12;1.4;0.1;2.1;24.8;2.1;2.4;8.2;3.4;0.2;2;1.2;451.6;35.7;37.8;319.6;58.6;4.4;15.8;1.9;3.1;8.2;4.7;5.5;0.6;6.7;9;0.4;3.3;0.1;5.1;0.3;4.6;3.1;7.2;3.7;1.9;0;5.7;10.2;15.9;13.6;14.7;33.4;15.9;17.5;43
Bordeaux15;19.2;8.1;27.3;13.6;14;13.2;1.6;0.1;2.1;29.4;2.3;2.5;7.9;2.4;0.2;1.4;0.9;448.4;36.3;33.3;326;52.8;5;16.6;1.6;3.4;10.4;4.4;5.3;0.7;6.8;9.7;0.2;2.7;0.2;5.9;0.2;4.2;2.7;8.2;2.8;1.8;0;6.2;7.1;13.3;12.7;11.9;34.4;17.4;17;63
Nantes15;20.8;8.7;29.5;18;10.2;15;1.9;0.1;2.2;30;2;2.1;8.1;2.6;0.2;1.4;1.1;390.5;28.7;36.4;266.5;58.9;4.7;15.6;1.5;2.9;6.1;3.9;5;0.6;5.6;8;0.2;2.8;0.2;5;0.2;3.6;2.6;5.7;3.6;1.9;0;8.6;9.9;18.5;12.6;11.1;42.3;20.3;21.9;45
Nice15;22.6;9.4;31.9;23.6;14.2;14.4;2.2;0.2;2.2;22.9;2.3;2.8;7.9;2.6;0.1;1.6;0.9;391.1;28.1;35.1;270.1;57.8;4.5;18.2;1.2;3.8;9.1;4.6;5.4;0.8;4.9;7.7;0.4;2.8;0.1;4.8;0.2;3.7;2.5;6.2;3.2;1.6;0.1;6.8;8.3;15.1;15.7;14.1;34.8;17.1;17.7;48
Rennes15;18.5;7.3;25.8;17.2;10.8;12.8;1.5;0;2.3;25.3;2.8;3.8;7;2.5;0.1;1;1.4;442.6;34.4;34.6;317.3;56.3;3.7;12.7;1.6;2.3;8.4;3.2;3.8;0.4;5.3;6.9;0.5;2.2;0.1;4.1;0.2;3.4;2.1;5.8;2;1.8;0;3.8;6.7;10.4;13.8;11.6;32.5;16.5;15.9;50
SC-Bastia15;19.9;9.2;29.1;15.3;12.9;14.8;2;0.1;2.6;30.7;2.7;2.6;7.5;2.8;0.1;1.5;1.3;369;32.2;40.8;238.2;57.9;3.4;14.9;1;2.5;7.8;5.1;4.1;0.6;3.7;5.5;0.3;2.4;0.1;3.6;0.2;3.1;1.6;3.7;3.5;1.2;0;8.9;7.1;15.9;12.5;10.7;39.2;18.4;20.8;47
Toulouse15;19.6;8.2;27.8;20.6;13.7;15.3;1.6;0.1;2.2;25.5;2.5;3.2;9.2;2.4;0.1;1.2;1.2;398.9;26.5;42.4;264.3;65.7;5.3;14.6;1.8;3.3;8.8;5.7;4.4;0.5;6.4;7.8;0.2;3.3;0.1;5.4;0.3;3.4;2.6;6.7;2.7;2;0;4.6;8.8;13.4;16.7;16.5;37;17.8;19.2;42
Guingamp15;20.6;9.9;30.6;18.5;14.3;12.5;1.6;0.2;2.3;25.3;2.3;3.3;7.7;3.1;0.2;1.5;1.4;336.4;23.6;41.7;214.9;56.2;4.4;16.9;1.4;2.6;8.8;5.3;3.3;0.5;5.6;6.2;0.3;2.8;0.2;4.3;0.2;3.7;1.5;4.4;2.8;2.2;0;6.7;6.6;13.3;10.6;11;36;17.3;18.7;49
Reims15;18.4;8.7;27.2;16;12.9;14.3;2;0.1;1.9;31.9;2.9;2.6;7.9;3.1;0.1;2;1;400.6;27.4;35.4;280.2;57.6;4.5;14.3;1.8;2.9;10.5;3.8;5.2;0.9;5.5;7.3;0.2;4;0.1;5.3;0.3;3.6;2.7;6.3;2.9;2.4;0;8.6;6.6;15.2;12.6;10.5;33.4;16.5;16.9;44
Metz15;22.3;8.7;31;16.4;10.5;15.8;1.9;0.1;2.3;28.3;2.8;3.3;8.7;2.6;0.1;1.7;0.8;356.1;31.1;45.2;220.1;59.7;4.1;13.6;1.7;2.3;7.2;5.5;6.2;0.4;5.2;8.5;0.1;3;0.3;5.4;0.1;4;2.4;5.4;4.5;1.8;0.1;6.4;6.9;13.3;14.3;11.7;40.7;21.3;19.4;30
Lens15;21.4;9.6;30.9;14.8;10.9;14.5;1.8;0.1;1.7;25.8;2.5;2.7;8.2;2.9;0;1.6;1.3;376.9;26.2;38.8;247.3;64.6;4.4;15.5;1.3;2.7;7;4.2;4.2;0.5;5.9;7.2;0.4;2.8;0.2;4.9;0.2;3.3;2.4;4.8;3.8;1.9;0;7.7;7.9;15.6;12.7;10.9;41.5;20.4;21.1;29
Thonon-Evian15;20.1;9.8;29.9;19.2;11.7;14;1.8;0.1;2;30.1;2.1;2.7;10.7;2.7;0.1;1.6;1.1;357.7;29;44.7;225.8;58.2;4;15.1;1.3;2.7;7.7;4.9;4.1;0.6;4.1;5.4;0.4;2.9;0.1;4.1;0.1;2.8;1.9;5.3;2.1;1.3;0;6.4;7.1;13.6;13.4;11.6;38.2;17.4;20.8;37
PSG14;18.5;5.4;23.9;14.6;13;11.9;1.6;0;3.4;18.7;2.8;2.9;5.7;2.1;0.1;0.9;1.2;609.3;41.3;13.9;499.7;54.5;5.5;15.6;2.5;3.2;0;0;4.9;0.1;10.6;10.4;0.6;0.9;0.3;6.1;0.3;6.1;3.4;8.4;4.3;3;0.1;5.9;8.2;14.1;12.3;13.5;21.6;13.3;8.3;89
Monaco14;19.7;6.8;26.6;15.9;13.9;14.1;1.7;0;2.1;24.9;2;2.7;7.2;2.6;0.2;1.1;1.3;468.9;27.4;19.1;359.9;62.5;5.6;18.4;2.5;3.1;0;0;6.2;0;7.8;9.4;0.4;0.8;0.1;5.8;0.4;5;3.2;6.8;5.2;1.9;0.1;7.5;8.4;16;13.1;12;27;14.6;12.4;80
Lille14;18.6;7.1;25.6;15.6;14.3;14.1;1.4;0.2;2.9;29.5;2.2;2.1;5.8;2.4;0.2;1.3;0.9;431.7;29.5;23.4;314.3;64.4;5.4;17.1;2;3.1;0;0;6;0;7;9.1;0.2;1;0.2;5.6;0.2;4.7;2.8;8.5;1.7;2.8;0;6.1;7.6;13.7;11.8;14.5;34;18.5;15.5;71
Saint-Etienne14;19.1;6.8;25.9;12.4;12.1;14.4;1.8;0.1;2.1;39.2;2.3;2.9;6.8;2.1;0.1;1;1.1;383.9;30;22.7;271.2;60;5.3;17.9;1.5;2.9;0;0;5.4;0;7.5;9.1;0.2;0.9;0.1;5.9;0.3;4.7;2.3;6.2;4.2;2.5;0.1;7.3;7;14.2;11.6;10.8;39.2;20.8;18.3;69
Marseille14;19;7.4;26.3;12.8;13.6;13.9;1.6;0;2.2;32.1;2.3;3.2;6.2;2.2;0.1;1.3;0.8;400.3;32.7;21.3;294.2;52.2;5.7;19.1;1.7;3.5;0.1;0;5.9;0;7.8;10.5;0.3;0.7;0.1;5.8;0.3;5.1;2.9;6.4;4.9;2.4;0;9.1;10.1;19.2;11.2;12.3;33.2;16.2;17.1;60
Bordeaux14;20.8;7.1;27.9;14.8;13;13.2;1.3;0.2;2.4;23.6;1.9;2.9;7.8;2.8;0.1;1.6;1.1;410.6;39;25.3;285.1;61.1;5.4;19.5;1.4;3.3;0;0;5.3;0;6.7;9;0.2;0.6;0.2;5.3;0.2;4.4;2.3;6.7;3.1;2.1;0.1;4.6;6.5;11.1;11.6;10.7;36.7;19.6;17.1;53
Lyon14;18.5;6.8;25.3;11.6;12.1;14.6;1.4;0.2;1.9;26;1.6;2.3;6.4;2.3;0;1.4;0.9;419.5;33.2;20.2;309.2;57;4.4;16.2;1.6;3.6;0;0;6.4;0;6.6;9;0.2;0.7;0.1;5.7;0.1;4.7;2.6;8.1;3.3;1.6;0;7.7;8.8;16.5;13.3;12.7;30.6;16.2;14.4;61
Reims14;19.1;6.5;25.6;17.7;10.6;13.9;1.5;0.1;1.6;31.3;3.2;3.6;5.6;3.8;0.1;1.8;1.9;377.2;28;25;257.4;66.8;4.6;14.2;1.6;2.3;0;0;5.2;0.1;6.3;8;0.4;0.7;0.1;5.6;0.3;3.7;2.2;6.2;3.3;1.9;0.2;6.5;7.1;13.6;13.4;12.8;36.1;17.9;18.2;48
Toulouse14;21.9;7.7;29.7;17.9;14.6;13.6;2;0.1;2.5;25.4;2.7;2.2;7.6;2.5;0.1;1.2;1.2;452.5;25.2;19.3;337.7;70.4;5.9;17.8;2;2.5;0;0;4.1;0;7.4;8.6;0.2;0.8;0.2;5.2;0.3;4.3;2.1;6.5;3.1;2;0.1;7.3;8.5;15.8;15.4;15.1;31.8;15.8;15.9;49
Rennes14;19;6.2;25.2;14.7;12.3;11.6;1.3;0.1;1.7;32.7;3.6;3.8;6.2;3.2;0.1;2;1.1;404.1;25.1;22.2;294.8;62;2.7;14.8;1.5;2.5;0;0;4.2;0;6.1;7.6;0.3;0.5;0.1;4.1;0.2;3.8;2.4;5.9;3.4;1;0;5.3;6.7;12;12.4;15.4;30.1;13.2;16.9;46
Nantes14;21.7;8.6;30.3;16.1;10.2;14.1;1.4;0.1;2.2;32.1;2.3;3.1;7.4;2.6;0.2;1.5;0.9;355.8;23.6;25.4;244.6;62.2;4.6;16.5;1.6;2.9;0;0;4.4;0;6.4;7.6;0.3;0.9;0.1;4.9;0.1;3.5;2.3;5.2;3.3;2.2;0;6.3;6.5;12.8;13.9;11.9;36.8;16.4;20.4;46
Montpellier14;19.8;8.4;28.3;16.1;14.7;12.7;1.6;0.4;2.5;37.6;2.6;3.1;7.7;2.7;0.1;1.5;1.1;361.4;26.3;28.4;245.9;60.8;4.2;14.6;1.9;2.6;0.1;0.2;5;0;6.6;8;0.3;0.8;0.1;5.2;0.2;3.9;2.6;6.4;3.3;1.9;0;8.7;7.2;15.8;12.4;12.4;36.3;18.1;18.2;42
Lorient14;18.5;6.9;25.4;15.8;11.5;11.7;1.3;0.2;2.2;21.1;2.1;2;6.4;2.4;0.1;1.2;1;397.7;32.8;23.1;276.1;65.7;3.2;15.2;1.4;3.3;0.2;0;5.1;0.1;6.5;8.8;0.2;0.5;0.2;4.9;0.2;4.1;2.7;5.7;4.6;1.4;0;5.9;7.1;12.9;12.6;16.2;29;14.5;14.5;49
Thonon-Evian14;19.6;8.1;27.7;17.6;11.2;14;1.8;0.1;2.1;29.2;2.2;2.7;8;2.8;0.1;1.7;1;354.2;31.7;31.3;229.2;62.1;3.8;13.1;1.6;2;0;0;4.7;0;6;7.8;0.2;0.8;0.1;5;0.2;3.7;2;6.8;2.3;1.6;0.1;4.3;5.1;9.3;12;11.9;36.7;16.6;20.2;44
Guingamp14;18.6;7.3;25.8;17.5;14.5;14.6;1.7;0.1;2.9;25.1;2.8;3;6.4;3;0.1;1.7;1.2;337.4;21.3;24.9;224.6;66.6;5.4;21.7;1.6;3.4;0.3;0.1;4.3;0.1;7.2;8.1;0.2;0.8;0.2;5.9;0.2;3.7;2;5.9;3.2;2.5;0;6.8;5.6;12.4;12;10.9;34.1;17.7;16.4;42
Nice14;19.4;7.4;26.8;15.6;14.2;13.3;1.5;0.1;1.9;25.6;1.9;2.2;7.3;3.3;0.1;1.8;1.4;422.2;30.9;20.4;306.9;63.9;4.3;18.5;1.1;3.3;0;0;4.1;0;5.6;6.2;0.3;0.9;0.1;4.6;0.2;3;2.1;5.9;2.3;1.5;0.1;6.8;7.2;14;14.3;14.2;30.9;15.6;15.3;42
Sochaux14;18;6.8;24.8;16;12.9;15;1.9;0.1;2.4;28.7;2.6;2.4;6.7;3.2;0.1;1.6;1.5;329.9;23.1;28.7;212.2;65.9;5.1;18.9;1.9;2.7;0;0;5;0;6.3;7.7;0.3;0.6;0.1;5.1;0.2;3.8;2.4;6.4;2.7;2.1;0;6.9;6.3;13.2;12.9;11.3;44.1;21.8;22.3;40
Valenciennes14;19.2;7.4;26.6;14.6;12.8;14.3;1.6;0.1;1.9;27.6;2.4;2.5;5.6;2.4;0.1;1.4;0.8;332.3;28;24.8;226.3;53.2;4.8;19.2;2;3.8;0.4;0.1;5;0.1;6.1;7.8;0.3;0.7;0.2;4.7;0.2;3.7;2.7;7.1;2.3;1.7;0.1;7.4;7.3;14.7;13.9;12.7;30.6;13.9;16.7;29
SC-Bastia14;17.2;5.9;23.1;14.2;12.6;13.5;1.7;0.2;2.2;24.2;2.3;2.7;5.9;2.6;0.1;1.3;1.3;366.6;32.2;23.9;248.3;62.2;3.9;14.4;1.4;2.8;0;0;5;0;5.5;7.2;0.7;0.7;0.1;4.7;0.1;3.6;2.2;5.5;3.3;1.7;0.1;5;5;10;11.7;12.7;31.5;14.7;16.8;49
AC-Ajaccio14;18.7;7.5;26.2;14;14;15.7;1.8;0.1;2.4;25.8;3.1;3.5;5.7;3.5;0.3;1.7;1.5;318.8;24.8;24.1;211.7;58.1;2.8;13;0.6;2.3;0.3;0.1;4.3;0.1;4.5;6.4;0.1;0.9;0;4.2;0.2;2.8;1.9;4.6;3.2;1.1;0;4.3;5.8;10.1;12.6;11.5;32.2;16.2;15.9;23
PSG13;19.4;7.4;26.8;18.2;11.7;12.3;1.9;0.3;3.7;23.6;3.5;2.6;0;2.8;0.1;1;1.7;516.4;33.2;13.8;407.8;61.7;5;13.7;2.6;2.6;0;0;4.6;0.1;8.9;9.2;0.5;0.8;0.1;5.6;0.4;5.2;2.6;7.8;3.9;1.8;0.1;7.9;6.5;14.4;11.3;12;21.6;13.3;8.3;83
Saint-Etienne13;19.4;5.7;25.1;19.5;11.4;13.3;1.5;0.1;2.8;28.9;2;2.9;0;2.2;0.1;1.3;0.8;435.9;33.7;21.4;315.5;65.2;5.3;20.2;2;4.2;0.2;0;4.7;0;7.8;8.9;0.9;0.4;0.1;5.2;0.2;4.9;2.4;7.5;2.9;2.1;0;7.4;5.1;12.5;12.8;11.3;28.6;15.3;13.3;63
Marseille13;19.1;5.7;24.8;14.8;13.7;13.4;1.3;0.2;2.8;31.5;2.3;2.9;0;2;0.1;1.2;0.8;407.3;29.1;22.8;300.3;55.1;6.1;20.1;2.3;4;0;0;6;0;7.7;10.1;0.4;0.6;0.1;6.3;0.2;4.7;2.7;7.7;3.4;2.5;0.1;9.1;7.8;16.9;12.5;12.9;29.5;13.8;15.7;71
Lyon13;19;5.7;24.7;17.6;14.2;15.1;1.7;0.2;2.9;25.6;1.8;1.8;0;2.5;0.1;1.5;0.9;458.1;30.9;20.7;340.8;65.7;4.2;16.2;1.6;3.5;0;0;5.1;0;7.3;8.6;0.3;0.6;0.3;5.4;0.3;4.4;2.6;7.4;3.5;1.5;0;7.2;6.7;13.9;12.9;11.6;22.4;12.5;9.9;67
Montpellier13;17.7;6.6;24.4;22;15.7;15.8;1.7;0.2;2.7;37.8;1.9;1.8;0;2.3;0;1.4;0.9;417.7;29.7;23.9;302.8;61.2;4.7;15.8;2.4;2.8;0.3;0;5.5;0;7.3;8.7;0.4;0.9;0.1;5.8;0.2;4.4;2.6;6.4;4.3;2.1;0;9.4;7.3;16.7;11.6;11.7;27.9;13.3;14.7;52
Lorient13;17.9;5.8;23.7;21.6;12.9;11.3;1.4;0.2;3.3;21.9;1.7;2.1;0;3;0.1;1.7;1.2;424;26.4;21.2;306.6;69.7;4.3;17.6;1.4;4.4;0.2;0.1;5.6;0;7.1;8.9;0.4;1.1;0.1;5.3;0.2;4.9;2.5;5.2;5.8;1.6;0.1;9.2;7;16.2;12.7;10.7;27.1;12.9;14.2;53
Toulouse13;20.9;5.8;26.7;17.3;15.1;17;1.7;0.2;2.6;28;2.3;1.6;0;3;0.1;1.4;1.6;410.7;28.1;21.1;299.8;61.6;5.4;18.3;2.3;3.3;0;0;4.7;0;7.1;8.6;0.2;0.9;0.1;4.9;0.2;4.1;2.7;5.6;4.1;2;0;5.8;7.4;13.2;13.6;16.5;28.8;15.5;13.3;51
Bordeaux13;18.9;5.3;24.2;16.8;13.8;12.9;1.7;0.1;2.3;26.5;1.6;1.9;0;2.4;0;1.4;1.1;415;32.9;26.1;289.6;66.4;5.2;20.3;1.6;3.6;0;0;6.1;0;6.9;8.9;0.3;0.8;0.1;5.5;0.2;4.7;2.8;6.8;4;2.1;0.1;5.8;4.8;10.7;11.2;8.8;34.4;17.3;17.2;55
Sochaux13;17.9;5.1;23;21.6;13.4;13.4;1.6;0.1;2.1;40.9;3;2.9;0;3.2;0.2;1.4;1.6;343.2;24.7;24.6;235.9;57.9;3.7;13.7;1.4;2.8;0.2;0.1;4.4;0.1;5.6;5.9;0.5;1.2;0.1;4.7;0.2;3.5;1.9;3.5;4.5;1.9;0.1;3.9;6;9.9;12.2;12.8;31.5;14.7;16.8;41
Nancy13;20.6;7.3;27.9;18.6;12.4;14.8;1.7;0.1;2.9;29.6;2.8;2.4;0;3.2;0.2;1.8;1.2;377.1;27.6;23.9;261.6;64;5.2;16.1;1.9;3;0;0;6.2;0;6.3;8.3;0.4;1.2;0.1;5.6;0.2;4.6;2.3;7.9;2.3;2.2;0.1;8.6;8.5;17.1;13.9;10.1;30.4;15.3;15;38
Lille13;16;5.5;21.4;19.6;14.3;14;1.6;0.1;3.2;22.4;1.6;1.3;0;2.2;0;1.3;0.9;500.9;36.4;18.5;379.5;66.6;5.2;17.8;1.9;3.4;0.4;0;7;0.1;7.1;9.8;0.4;0.9;0.1;6.4;0.3;4.9;2.7;9.4;2.2;2.4;0.1;5.7;5.7;11.3;10.7;14.8;30.4;16.5;14;62
Rennes13;18.6;4.9;23.5;17.2;14.1;12.8;1.2;0.3;2.7;40.9;2;2.6;0;2.9;0.1;1.7;1.1;359.7;28.7;24.2;250.3;56.5;3.9;13.9;1.9;2.5;0;0;5.5;0.1;6.6;8.6;0.6;0.8;0.1;5;0.1;4.5;2.6;5.9;4.5;1.7;0;5.3;5.9;11.3;13.6;13.9;33.2;17.2;16;46
Valenciennes13;17.8;5.6;23.4;17.5;13.4;14.7;1.5;0.1;2.7;36.6;2.9;2.7;0;3.1;0.1;1.6;1.5;333.3;21.4;24.8;226.7;60.4;5;18.7;1.5;3.4;0.4;0.1;5.7;0.1;5.9;8.7;0.1;0.5;0.1;5.4;0.2;3.9;2.3;5.9;3.9;1.8;0;8.9;4.9;13.8;11.2;9.6;32.2;16;16.2;48
Nice13;19;6.1;25.1;11.7;13.2;14.8;1.7;0.1;2.6;25.6;2.2;1.7;0;2.7;0.1;1.4;1.1;414.1;26.9;23.3;298.1;65.8;5.3;15.4;1.9;2.4;0;0;4.2;0;6.5;7;0.2;1.1;0.2;4.8;0.2;3.9;2;5.5;3.1;2;0;4.6;5.2;9.9;12.1;14.3;27.2;12.9;14.3;64
Troyes13;21.5;7.7;29.2;15.3;12.2;13.2;1.4;0.1;3.3;34.9;3.2;3.4;0;3.3;0.1;1.5;1.6;357.5;22.4;23;248.4;63.7;4;13.3;1.5;2.3;0;0;4.1;0.1;5.8;7.5;0.1;0.6;0.1;4.6;0.2;3.8;1.5;5.1;3.2;1.7;0.1;7.5;5.3;12.8;12.2;11.3;26.2;12.3;13.9;37
Reims13;19;5.6;24.6;16.5;11.7;13.9;1.7;0.2;3.4;31.1;3.3;2.4;0;3.9;0.2;2;1.7;356.7;27.2;24.1;239.4;66;4.8;18.3;1.5;3.3;0;0;4;0.1;6;6.8;0.2;0.8;0.2;4.9;0.2;3.1;1.9;5;3.2;1.8;0.1;6.8;4.4;11.2;13.4;8.7;28.6;14.6;14;43
AC-Ajaccio13;17.9;7.1;25;15.2;12.9;15;1.9;0.2;3.6;33.6;2.4;3.1;0;3.2;0.1;1.3;1.9;362.5;23.2;24.6;252.6;62.2;3.4;14.1;1.2;3.3;0;0;4.7;0.1;6;6.9;0.5;1.1;0.1;4.4;0.2;3.8;2.4;5.6;3.4;1.7;0;6.9;5.9;12.8;11.4;10.8;28.7;13.1;15.6;40
Thonon-Evian13;17.9;6.1;24;13.2;12.3;14.3;2;0.1;1.6;35.5;2.3;3;0;2.8;0.2;1.4;1.2;343.3;30.1;32.4;224.7;56.1;4.2;14.2;1.9;2.7;0;0;5.4;0;6.1;7.2;0.6;1.1;0.1;5.3;0.1;3.8;2.3;7.7;2;1.8;0;3.1;4.3;7.4;12.6;12;30;13.4;16.6;40
Brest13;19.5;6.4;25.9;18.6;11;15.6;1.8;0.1;2.2;27.9;2.3;2.8;0;3.3;0.1;1.8;1.3;353;25.8;23.3;245.4;58.6;2.9;14.2;1.2;2.7;0;0;5.4;0;5.5;8;0.1;0.8;0.1;5;0.2;3.3;2.4;6.3;3.3;1.3;0;5.9;5.8;11.7;13.1;14.4;24.9;11.8;13.2;29
SC-Bastia13;16.9;5.9;22.8;19.1;14.1;13.6;2.2;0.2;2;23.4;2.5;1.3;0;3.1;0.1;1.7;1.3;308.6;24.7;24.4;200.6;58.8;4.2;14.4;1.8;2.8;0;0;4.3;0;6.6;6.4;0.8;0.9;0.2;5.1;0.3;3.6;2.2;5.3;3.6;2;0;8.9;6.6;15.5;12;8.8;24.6;13;11.6;47
Montpellier12;18.4;6;24.4;20.9;16.1;16.1;1.8;0.2;2.7;25.3;2.3;1.8;0;2.5;0.1;1.4;1;399;29.9;18.8;292.7;57.6;5.3;18.2;2.1;3.3;0.2;0.1;7.5;0.1;8.1;10.9;0.6;1;0.3;6.4;0.3;5.8;3.3;6.2;7.1;2.3;0.1;7.7;8.1;15.7;14.4;12.2;16.8;9.7;7.1;82
PSG12;20.4;6.6;26.9;19.5;14.6;15.4;2.1;0.1;2.6;23.1;2.9;1.7;0;3.2;0.1;1.5;1.6;469.5;29.6;17.4;349.7;72.9;3.9;14.1;2;3;0;0;5;0;9;9;0.9;0.9;0.3;6.1;0.5;5.2;2.8;6.8;5.2;2;0;8.2;7.8;15.9;12.8;14.9;21.3;12.6;8.7;79
Lille12;18;5;23;16.2;17.8;14.4;1.7;0.1;2.7;28.1;2.3;1.1;0;2.2;0.1;1.2;0.9;496.3;31.3;18.2;381.2;65.6;4.7;17;2.8;2.7;0;0;6.1;0;8.6;9.9;0.3;0.9;0.3;6;0.3;5.7;3;10.1;2.4;2.1;0.1;6.4;6.6;13.1;12.8;12.8;18.9;10.8;8.1;74
Toulouse12;21.2;7.3;28.5;24.4;14.7;17.9;1.9;0.2;1.7;25.1;2.3;1.6;0;3.2;0.1;1.8;1.3;418.5;25.9;24.3;295.5;72.7;5.5;16;2.4;2.8;0;0;5.9;0;6.4;7.9;0.3;1.2;0.1;5.4;0.2;4;2.9;6.8;3.7;1.8;0.1;7.4;7.4;14.8;13.5;16;22.9;11;11.9;56
Marseille12;18.5;5.9;24.4;20.5;17.5;15.4;1.9;0.1;1.7;22.4;1.9;2.6;0;2.2;0;1.4;0.8;439.6;26.5;22.6;322.4;68.1;6.3;21.7;2.3;3.3;0;0;6.8;0.1;8.6;11.3;0.4;0.9;0.1;7.3;0.2;5.1;3.1;7.9;4.2;3.2;0.1;7.7;7.7;15.4;12.8;15.2;22.7;11.4;11.3;48
Rennes12;19.9;5.1;25.1;18;15.1;15;1.8;0.1;2.2;27.8;2.1;2.4;0;2.2;0.1;1.4;0.7;428.7;29.8;23.1;311.8;64;4.2;14.2;2.1;2.3;0;0;6.6;0;7.8;9.9;0.7;0.9;0.2;6.6;0.2;4.7;3;9.7;2.9;1.9;0;10;7.9;17.9;12.8;12.8;22.3;11.9;10.4;60
Bordeaux12;20.3;5;25.3;18.8;16.4;15.3;1.6;0.1;2.1;24.6;2.4;2.2;0;2.6;0.1;1.4;1;404.7;28.9;23;283.9;68.8;4.7;19.7;1.4;3.4;0;0;5.2;0;7.1;8.3;0.4;0.9;0.3;5.3;0.2;4.2;2.8;5.9;4.2;2.2;0;5.5;4.9;10.4;11;10.2;24.6;12.2;12.4;61
Saint-Etienne12;21.2;5.1;26.3;18.7;12.8;14.5;1.9;0.1;1.9;27.7;2.3;2.5;0;3.1;0.1;2;1.1;385.6;30.5;22.4;270.2;62.5;5.4;22.1;1.8;4.7;0;0;4.9;0;7.9;8.9;0.6;0.6;0.1;5.9;0.3;4.4;2.5;6.6;4.3;1.8;0.1;5.6;4.8;10.4;12.3;13.3;21.6;11.5;10.1;57
Lyon12;17.1;5.4;22.5;16.5;14.4;15.7;1.6;0.2;2.7;23.4;2.4;2.2;0;2.7;0.1;1.4;1.2;443.1;37.5;22;315.6;67.9;4.6;16.2;1.5;3.8;0;0;6.1;0.1;7.6;9;0.5;1.1;0.2;5.6;0.2;5;3.1;6.6;5.1;2.1;0.1;5.8;5.2;10.9;10.3;11.6;19.6;9.9;9.7;64
Brest12;20.3;5.8;26.1;15.8;13.8;17.2;1.9;0.1;1.9;31;2.9;2.6;0;3.5;0.2;1.8;1.5;347.7;26.6;20;232.9;68.2;3.6;13.9;1.1;2.8;0;0;5.9;0;5.2;7.6;0.3;1.1;0.2;4.9;0.1;3.3;2.8;7;2.5;1.5;0.1;6;5.5;11.5;14.4;12.2;20.2;10.8;9.4;41
Nancy12;20;6.2;26.2;20.1;14.6;16.2;1.6;0.1;2.1;26.7;2.9;2.9;0;2.5;0;1.3;1.2;354.6;19.9;24.7;240.5;69.5;3.8;13.2;0.8;2.4;0;0;6.2;0;5.5;8.4;0.3;1;0.1;5.6;0.2;3.8;2.3;7.1;2.7;1.8;0;7.8;8.6;16.3;13.6;10.6;23.6;11.7;11.8;45
Lorient12;18.1;6.1;24.2;16.9;15.6;12.3;1.7;0.1;3;33.2;2;1.8;0;2.8;0;1.6;1.2;426.9;28.1;20.1;314.6;64.2;3.7;14.4;1.9;3.9;0;0;5;0;6.6;7.8;0.5;0.8;0.1;5.1;0.1;3.8;2.7;6.4;3.6;1.6;0;9.3;6.7;16;14.1;15;16.4;8.1;8.4;39
Nice12;17;5.9;22.9;18.5;13.2;16.1;1.8;0.2;2.5;21.3;2.8;2.1;0;2.8;0;1.1;1.7;357.5;30.2;24.4;240.5;62.3;5.9;16.7;2.4;3.5;0;0;6.1;0;6.7;7.7;0.3;1;0.2;5.7;0.3;3.9;3.2;4.7;5.5;2.5;0.1;5.8;5.6;11.4;15;11.9;21.6;10.6;11;42
Auxerre12;17.8;5.7;23.5;20.7;12.4;16.3;2.2;0.1;2.5;26.4;2.8;3;0;2.5;0.2;1.3;0.9;339.8;23.5;26.1;224.8;65.4;4.5;15.6;1.3;3.4;0.3;0.2;5;0;6.8;7.2;0.8;0.9;0;5.2;0.2;4.3;2.3;5.2;4.7;1.9;0;7.1;6.5;13.6;12.7;10.9;26;13.1;13;34
Thonon-Evian12;19.2;7.8;27;19.7;13.5;16.1;2.2;0.2;2.2;29.3;2.8;2;0;3.7;0.1;2.1;1.6;380;29.8;33.4;253;63.8;3.6;13.5;1.8;2.4;0;0;4.6;0;5.8;6.7;0.4;0.9;0.2;4.2;0.1;3.9;2.2;6.9;1.8;1.6;0;6.8;3.8;10.7;13.2;10.5;20.7;9.4;11.2;50
Caen12;24;9;33;19.1;13.9;17.9;1.8;0.2;2.3;24.9;3.3;3;0;3.6;0.2;1.9;1.5;342.1;25;26.1;220.4;70.6;4.4;17.9;1.3;3.2;0;0;5.1;0;6;7.9;0.4;0.5;0.2;5.4;0.2;3.3;2.3;6.6;2.7;1.7;0;6.5;5.7;12.2;15;11.1;23.5;9.3;14.1;38
Sochaux12;16.4;5.9;22.4;15.3;15.1;14;1.3;0.2;1.9;38.8;2.7;2.5;0;3.1;0.1;1.7;1.3;356.8;30.3;26.3;243.2;57;4.6;17.6;1.5;3.3;0;0;4.9;0;5.2;6.7;0.3;0.9;0.1;4.6;0.2;3.7;1.8;4.1;4.1;1.8;0.1;6.8;6.3;13;11.6;11.2;22.9;11.8;11;42
Valenciennes12;20.9;6.6;27.5;15;13.6;16.9;1.8;0.1;2.3;27.5;2.2;1.9;0;2.8;0.1;1.5;1.2;367;28.3;27.6;244.3;66.7;6.2;22.7;1.8;3.9;0;0;5.1;0.1;7.9;9.3;0.3;0.6;0.2;6.6;0.4;4.2;2.2;6.4;4.3;2.3;0;3.7;5.1;8.8;15.1;14.9;23.6;10.5;13.1;43
Dijon12;20.6;6.8;27.4;16.8;15.4;15.3;2.1;0.2;2.4;28.1;3.3;2.4;0;3.2;0.2;1.8;1.3;284.9;20.6;29.6;165.1;69.6;4;16.6;1.6;2.9;0;0;5.2;0;5.4;6.7;0.6;1.1;0.1;4.9;0.3;3.3;2.4;5.1;3.8;1.7;0.1;5.8;6.3;12.1;14.6;15.4;30.5;14.4;16.1;36
AC-Ajaccio12;20;6.7;26.7;15.9;14.9;16;2.4;0.2;3.1;37.5;3.6;2.8;0;4.1;0.3;1.8;1.9;356.9;22.1;27;237.6;70.3;3.6;14.4;1.3;2.9;0.2;0.3;4.2;0.1;5.3;6.1;0.1;1.1;0.2;4.3;0.2;3.3;1.9;4.5;3.4;1.7;0;5.2;3.9;9.2;12.2;12.4;22.1;10.2;11.9;41
Lille11;20.2;6.8;27.1;18;16.3;13.7;1.4;0;2.2;23.4;2.2;1.7;0;2.8;0.1;1.2;1.5;477.9;38.3;24.6;343;72;4.8;15.4;2.8;2.7;10.6;3.2;6;1.1;7.7;9.1;1.2;1.2;0.1;6.1;0.4;5.1;3.6;9.6;3.1;2.2;0;9.3;9.2;18.5;10.2;12.5;22.9;11.9;11;76
Marseille11;19.5;6.5;26;19.1;15.2;16.4;1.6;0.1;1.8;21;2.6;2.9;0;2.2;0.1;1.2;0.9;417;26.6;24.9;293.9;71.6;5.8;19.6;2.1;3.4;9.3;3.2;6.4;0.9;7.7;9.8;0.3;1.1;0.1;6.3;0.2;5.3;3.4;7.5;5.1;2.4;0;10;8.4;18.4;13.3;11.5;27.1;13.3;13.8;68
Sochaux11;17.6;4.8;22.4;12.2;13.9;15.1;1.3;0.1;1.8;36.3;2.8;2.9;0;4;0.2;1.7;2.1;390.4;37.9;25.8;267.3;59.5;5.1;16.9;1.3;3.4;8.9;2;5.7;0.8;5.4;8.4;0.4;0.7;0.1;4.7;0.2;4.7;2.5;4.9;4.9;2.1;0;6.3;7.9;14.3;9.8;13.5;24.6;12.4;12.2;58
Nancy11;19.4;7.7;27.1;17.8;15.8;15.8;1.6;0.2;1.3;27.6;2.5;2.4;0;2.6;0.2;1.6;0.8;377.9;32.7;28.4;243.5;73.3;4.9;14.7;2.1;2.8;7.2;5.4;6.4;1;6.8;9.3;0.4;1.4;0.1;6.1;0.3;4.7;3.4;9.1;3.1;2;0;8.7;7.7;16.3;13.3;9.8;26.7;12.7;14;48
Brest11;23.4;7.2;30.6;20.5;15.1;16.9;1.3;0;2.4;33.6;2.8;2.5;0;3.1;0.1;1.6;1.3;364.8;22;28.9;237.4;76.6;3.7;16.1;1.5;3.5;6.6;5.7;6.3;0.9;4.9;7.6;0.5;1.3;0.2;5.6;0.2;3.8;2.5;7.9;2.3;1.7;0.1;10.6;6.4;16.9;10.9;11.2;25.9;12.4;13.5;46
Caen11;21.6;8.9;30.6;20.3;15.5;18.3;2.2;0.1;2.5;30.9;3.7;2.8;0;3.6;0.1;2;1.4;352.4;32.6;30;225.8;63.9;5.3;18.9;1.5;3.2;8.8;3.9;5;0.8;5.2;7.7;0.6;0.7;0;5.1;0.2;3.5;2.3;6;3.3;1.6;0;5.3;6.6;11.9;12.3;14.3;25.2;9.9;15.3;46
PSG11;19.3;6.6;25.9;16.6;14.6;14.7;1.6;0.1;2.3;26.6;2.8;2.3;0;2.7;0.1;1.1;1.6;396.2;26.9;24.2;275;70.1;6.3;20.4;2.5;4;9.1;3.3;5.7;0.7;8.3;9.5;0.3;1.1;0.1;6.6;0.3;5.4;2.8;6.1;5.5;3.1;0;8.5;5.4;13.9;12.4;10.5;26;14.6;11.4;60
Lorient11;18.5;6.3;24.8;14.6;16.3;11.8;1.3;0.2;2.1;27.2;2.5;2.5;0;3.1;0.1;1.7;1.3;487.7;31.8;25.7;359.2;71.1;4.1;19.2;1.8;3.4;11.3;2.6;5.5;0.5;6.1;8.7;0.5;0.6;0.1;5.1;0.3;4.3;2.6;7.6;3.1;1.4;0;11.1;7.4;18.4;12.1;13.9;19.1;9;10.1;49
Rennes11;21.3;6.1;27.3;17.3;14.3;16;1.5;0.2;1.9;30.9;1.9;1.8;0;2.8;0.1;1.5;1.2;421;28.9;27.6;298;66.5;3.6;13.5;1.5;2.2;8.3;3;5.7;0.6;5.1;8;0.4;1.1;0.2;5.3;0.2;3.7;2.3;7.2;2.4;1.7;0.1;8.4;7.9;16.4;11.9;12.4;24.3;12.7;11.6;56
Bordeaux11;17.6;5.4;23.1;17.6;17.2;16.1;2;0.1;1.8;25.1;1.8;1.9;0;2.5;0.1;1.4;1;407.7;32.1;26.2;279.7;69.7;5.4;18.9;1.9;3.6;10.7;3.2;6.6;1.1;5.9;8.4;0.4;1.4;0.2;6;0.2;4.4;3.1;6.9;3.9;2.7;0;6.6;5.4;11.9;11.2;11.6;26.4;13.8;12.6;51
Lyon11;21.2;6.9;28.1;14;15.3;16;1.5;0.2;2.6;21.8;2.2;2;0;2.7;0.1;1.4;1.3;445.3;31.2;27.7;310.9;75.5;5.7;18.4;1.9;3.7;8.8;3.5;6.7;1.1;7;9.2;0.6;0.8;0.1;6.7;0.4;4.9;3.1;6.8;5.8;2.2;0;7.2;6.9;14.2;13;12.8;24.1;12.1;12;64
Valenciennes11;22.2;6.7;28.9;15.6;13.8;15.7;1.8;0.1;2.2;27.5;3.1;2.3;0;3;0;1.6;1.4;392.9;33.1;33.8;258.2;67.8;5.8;18.3;1.8;2.3;6.3;5.4;5.7;0.7;5.2;8.3;0.3;0.7;0.1;5;0.1;4;2.6;6.2;3.3;2.1;0;2.8;5;7.8;11.2;14.5;27;13.4;13.6;48
Toulouse11;19.9;7.4;27.3;19.9;14.9;19.4;1.6;0.1;2;21.3;2.1;2.1;0;2.6;0;1.4;1.2;400.7;26.2;29.2;270.9;74.4;4.6;15.6;1.4;2.6;7.9;3.8;4.1;0.3;5.3;5.6;0.8;1.3;0.1;4.5;0.3;3.5;1.7;4.9;2.9;1.8;0.1;13.2;8.1;21.3;11.6;10;24.8;12.5;12.3;50
Auxerre11;17.6;7.2;24.7;17.4;12.3;14.8;1.9;0;2;35.6;3.2;2.9;0;2.4;0;1.2;1.2;372;27.6;31.9;245.8;66.8;4.4;16;1.4;2.6;5.9;4.3;5.3;0.5;5.6;7.4;0.6;1;0.1;4.8;0.1;3.8;2.7;6.4;3.4;1.6;0;6.3;4.9;11.2;12.4;10.4;23.7;12.5;11.2;49
Lens11;20.8;6.2;26.9;20.1;16.8;16.4;1.4;0.1;2.7;29.9;3.2;2;0;3;0.2;1.5;1.3;345.3;33.2;28.4;218.3;65.3;5.7;19.1;2.2;2.3;8.6;3.6;5.9;0.8;5.7;8.7;0.3;0.7;0.1;6;0.2;3.7;2.6;5.9;3.9;2.5;0.1;7.5;7.7;15.2;11.8;14.5;31.3;15.6;15.8;35
Monaco11;17.8;6.1;23.9;17.5;15.1;16.6;2;0.1;2.3;32.8;3.1;2.3;0;3.3;0.1;1.8;1.5;352.6;25.9;30.7;228.1;67.9;4.5;17.7;1.3;2.7;7;3.9;5;0.6;6;7.5;0.6;1.2;0.1;5.6;0.3;3.6;2.4;6.9;2.8;1.9;0;7.5;4.1;11.6;9.8;9.9;27.1;13.1;14;44
Saint-Etienne11;20.3;5.4;25.6;16.3;13.4;15.8;1.7;0.1;2;32;2.9;2.4;0;3.1;0.2;1.1;1.8;392.7;33.2;29.1;267.4;63.1;4.3;16.8;1.6;3.2;7.9;3.4;5.1;0.7;7;7.8;0.8;1.1;0.2;6.1;0.2;4.4;2.2;6.2;4.4;2.1;0.1;6.8;5.1;11.9;10.9;12;20.2;10.7;9.5;49
Nice11;21.3;6.1;27.4;13.7;15.8;13.6;2.1;0.1;2.8;28.7;2.9;2.6;0;3.1;0.1;1.6;1.4;371.8;29.1;29.7;256.8;56.1;4.1;13.9;1.1;2.5;8.4;4.3;5.3;0.7;4.9;6.8;0.7;1.2;0.1;4.7;0.1;3.7;2.5;3.9;5;2;0.1;11;6.8;17.8;10.4;11.9;20.5;9.4;11.1;46
Montpellier11;20.2;6.8;27;15.4;17.5;18.6;2.1;0.2;2.9;29;1.8;1.9;0;2.8;0.1;1.4;1.3;400.4;28;26.2;277.1;69.2;5.1;15.6;1.3;2.7;8;4.7;6.4;0.6;6.4;9.3;0.3;1.1;0.1;6.1;0.3;4.3;3;5.2;6.2;2.1;0;8.3;6.9;15.2;11.4;13.2;20.9;10.6;10.3;47
Arles-Avignon11;21.5;7.5;29;22.9;14;17.3;1.8;0.2;2.4;25.3;3.3;2.3;0;3.4;0.2;1.9;1.4;365.3;24.7;30.4;235.2;75;3.9;15;1.2;2.9;6.6;4.5;5.1;0.3;4.6;5.9;0.7;0.7;0;4.7;0.2;2.6;2.6;4.3;3.9;1.6;0;7.5;5.3;12.7;10.1;10.3;24.1;13.4;10.7;20
Lyon10;22;6.3;28.3;24.9;14.2;16.6;1.7;0.1;2.5;31.6;2;3;0;3.2;0.1;1.6;1.5;431.7;30.8;26.1;303.4;71.4;6.4;21.4;2.3;3.9;8.1;3.4;7.6;1;7;10.7;0.3;0.7;0.1;7;0.4;4.7;3.8;7.5;5.8;2.3;0;6.1;5.4;11.5;0;13.2;20;10.5;9.5;72
Marseille10;19.4;6.4;25.8;19.8;18.2;15.8;1.7;0.1;1.9;28.7;2.2;2.8;0;2;0.1;1;0.9;412.2;29.2;24.1;292;66.9;6.4;17.6;2.3;2.9;11.2;3.6;7.2;1.1;7.5;9.8;0.4;1.5;0.2;7.4;0.3;5.4;2.9;7;5.7;2.9;0.1;10;7.4;17.3;0;11.2;24;11.7;12.2;78
Auxerre10;21.4;7.8;29.3;20.4;14.7;13.4;1.4;0.1;2.6;33;2.6;3.3;0;2.6;0.1;1.5;0.9;390.3;34.5;29.5;250.7;75.6;5.4;18.7;1.6;2.6;7.4;3.9;4.7;0.4;5.5;7.7;0.4;0.8;0.1;5.1;0.2;3.9;1.7;6.1;2.8;1.7;0;6.1;6;12;0;13.3;23.8;10.9;13;71
Bordeaux10;21;4.7;25.7;20.6;17.8;15.2;1.7;0.2;1.9;24.7;2.2;1.8;0;2.3;0.1;1.3;0.9;455.7;36.5;21.1;330.4;67.7;5.4;15.6;1.8;2.6;9.9;2.7;6.6;0.6;6.5;8.2;0.4;1.2;0.2;5.9;0.2;4.8;3;6.4;4.7;2.6;0;8.8;5.4;14.3;0;11;22;11.9;10.1;64
Lorient10;21.3;8.1;29.4;23.1;15.1;13.4;1.5;0.1;1.8;33.8;2.7;2.6;0;3.8;0.3;1.8;1.7;389.3;27.6;32.3;258.8;70.7;4.2;17.2;1.4;3.6;7.9;4.7;5.2;0.5;6.6;8.2;0.6;0.7;0.1;5.3;0.2;4.2;2.7;7.8;3.1;1.4;0.1;8.2;6.3;14.5;0;15.9;19.4;8.8;10.6;58
Lille10;21.4;6.4;27.7;19.6;17.3;16.8;1.8;0.1;2.7;26.2;2.4;1.6;0;2.4;0.1;1.1;1.3;408.7;32.2;24.2;279.2;73.1;4.4;20.5;2.6;4.2;8.8;3.3;6.5;1.2;7.6;9.7;0.7;1.3;0.3;6.3;0.3;5.7;3.4;10.2;3;2.1;0;9.9;8.2;18.2;0;11.8;21.3;11.2;10.2;70
Valenciennes10;21.8;6.2;28.1;21;14.9;18.7;1.9;0.1;2.4;26.1;2.7;2.3;0;3.4;0.1;1.8;1.5;385.4;37.3;29.8;251.8;66.6;5.9;19.1;1.7;2.7;8.3;3.9;5.4;0.7;5.8;7.8;0.8;1.1;0.1;5.7;0.3;3.7;2.4;5.7;4.4;1.8;0;9.6;7.2;16.8;0;8.8;23.7;11.6;12.1;52
Monaco10;22.2;6.4;28.6;20;17.6;17.8;2.4;0.1;2.8;31.9;3.2;2.7;0;3.1;0.2;1.6;1.4;346.6;27.7;33.9;218.5;66.4;4.2;17.5;1.9;3.1;8.4;5.4;6.1;0.4;6.1;7.6;0.4;1.4;0.1;5.4;0.2;4.2;3;5.4;5;2.1;0.1;8.8;6.4;15.3;0;11.6;21.8;10.4;11.4;55
Saint-Etienne10;21.8;5.5;27.3;21;15.1;15.4;1.6;0.1;2.1;29.2;2.8;2.2;0;3.7;0.1;2.1;1.5;395;27.6;27.8;270.4;69.1;5;17.9;1.6;3.4;8.9;3.6;6.3;0.7;6.5;9;0.9;1.2;0.1;6.5;0.3;3.9;3.1;6.4;4.5;2.5;0;9.3;8.5;17.8;0;14.1;18;10;8;40
Rennes10;20.8;6.3;27.1;15.1;13.3;15;1.3;0.2;2.8;30.4;2.4;2.6;0;2.7;0.2;1.6;1;409.3;27.7;29.1;281.1;71.4;4.5;16.9;1.7;2.7;6.5;3.7;6.2;0.9;6.8;9.8;0.6;1;0.2;6.4;0.4;4.7;2.7;8.4;3.3;2.2;0;6.8;6.3;13.1;0;14.1;21.6;11.8;9.8;53
Toulouse10;20.5;5.6;26.1;17.3;14.6;18.7;1.9;0.1;1.9;29.8;2.8;1.9;0;2.8;0.1;1.3;1.4;381.1;26.7;27;259.8;67.7;4.1;16.7;1.5;3.4;7.3;3.8;5.9;0.7;6.1;8.7;0.4;1.1;0;6.1;0.3;4.2;2.3;8;2.9;1.7;0;11.5;6.5;18;0;12.7;20.1;11.2;8.9;47
Nancy10;19.4;6.4;25.8;20.9;14.9;15.3;1.7;0.2;1.8;29.9;2.7;2.3;0;2.9;0.1;1.7;1.2;341.6;29;33.6;209.5;69.4;3.7;15.2;1.4;3.1;6.4;5.3;5.6;0.7;6.1;8.1;0.8;1;0.1;6.3;0.3;3.8;2.2;8;2.7;1.7;0;7.9;5.9;13.8;0;12.7;22.6;10.6;12;48
Lens10;22.8;5.7;28.6;17.9;16.3;17.3;1.6;0.1;2.5;26.6;2.6;2.6;0;3;0.1;1.4;1.5;343.9;30.3;27.1;223.8;62.7;5.1;19.2;1.9;2.2;8.7;3.4;5.4;0.9;5.6;8.4;0.4;1.1;0.2;5.3;0.1;4;2.6;5.7;4.1;2.2;0;7.3;7.2;14.4;0;15;20.3;10.1;10.3;48
Montpellier10;18.3;5.7;24;15.1;17.7;19.1;2.2;0.2;1.8;31.8;2.5;1.9;0;2.1;0.1;1.1;0.9;388.2;23.3;30.2;264.8;69.8;3.2;14.3;1;3;7.6;5.6;6.2;0.9;5.2;7.8;0.2;1.4;0.2;5.6;0.2;4.2;2.4;6.1;4.7;1.4;0.1;9.7;6.1;15.8;0;11.2;20.9;9.6;11.3;69
Nice10;20.4;6.7;27.1;21.9;15.1;17.4;1.9;0.1;2.2;35.9;2.4;2.1;0;3.5;0.2;1.8;1.6;334.8;30.5;33.2;216.7;54.4;3.8;15.8;1.3;3.6;7.4;4.3;5.6;0.7;5.3;8;0.5;0.6;0.1;5.2;0.1;3.9;2.5;5.3;4.6;1.7;0;10;4.9;14.9;0;10.6;20.2;8.9;11.3;44
PSG10;20.1;6;26.1;18.4;13.8;15.8;1.5;0.1;2.2;24.7;2.3;2.8;0;3;0.1;1.3;1.5;395.1;29.2;26.9;269.9;69.1;4.9;19.7;1.4;3.7;7.2;3.7;5.6;0.8;6.9;8.7;0.5;1.3;0.1;5.6;0.2;5.1;2.7;7.3;3.8;2.3;0;8.1;6.2;14.3;0;14;20.5;11.3;9.2;47
Sochaux10;18.3;4.9;23.2;15.4;14;15.2;1.5;0.1;1.6;37;2.6;3.1;0;3.6;0.2;1.6;1.8;393.8;33.2;26.4;267.4;66.8;4.7;17.4;1.4;3.5;9.7;1.9;5.6;0.7;5.2;8.2;0.3;0.6;0.1;5;0.2;3.7;2.7;5.6;4.3;1.6;0;7.6;8;15.5;0;14.1;19.2;8.8;10.4;41
Boulogne10;22.6;8.4;31;21.6;12.9;15.7;2.1;0.2;1.2;31.7;3.6;2.9;0;3.4;0.1;2.1;1.2;349.9;27.8;31.3;217.7;73.1;4.6;14.3;1.3;2.3;6.8;4;4.3;0.6;4.4;6;0.5;0.6;0.1;4.4;0.1;3.1;1.8;4.4;3.6;1.4;0;7.5;4.9;12.4;0;11.4;17.5;8.7;8.8;31
Le-Mans10;21;6.4;27.4;15.9;13.7;17.6;2.3;0.2;2.1;21.7;3.2;2.9;0;3.3;0.1;1.7;1.5;363.8;31.9;31.2;225.7;74.9;4.6;17.5;1.1;2.8;6.2;4.9;4.9;0.8;5.5;8.6;0.1;0.9;0.1;4.6;0.2;4;2.6;5.9;3.7;1.6;0;3.1;5.1;8.2;0;16.1;28.3;14.9;13.4;32
Grenoble10;20.7;5.9;26.6;17.8;17.2;14.8;1.7;0.2;2.4;27.2;2.2;2.9;0;2.9;0.2;1.6;1.2;367.4;29.5;34.1;234.1;69.7;4.7;18.2;1.5;2.7;8.1;5.7;6.1;0.6;5.4;8.7;0.2;0.9;0.1;5.5;0.2;4.1;2.5;4.7;5.5;1.9;0;9;4.6;13.6;0;10.5;21.8;10.6;11.1;23
